UPC,Description
8680068785,Neutrogena Ultra Sheer Sunblock SPF 30
8680010038,Neutrogena Ultra Sheer Body SPF 30
8680068790,Neutrogena Ultra Sheer Sunblock SPF 55
8680010355,Neutrogena Ultra Sheer Mineral Face Broad Spectrum Stick
7050111281,Neutrogena Ultra Sheer Lotion
8680068770,Neutrogena Ultra Sheer Sunblock SPF 70
8680010040,Neutrogena Ultra Sheer Sunblock SPF 70
8680010043,Neutrogena Ultra Sheer Lotion SPF 100+
8680011080,Neutrogena Sheer Zinc Sunscreen SPF 50
8680010274,Neutrogena Mineral Ultra Sheer Dry-Touch Face Stick
8680086031,Neutrogena Clear Face Lotion SPF 30
8680011282,Neutrogena Clear Face Lotion SPF 50
8680007270,Neutrogena Clear Face SPF 50 Sunscreen
8680006650,Neutrogena Clear Face Serum SPF 50
8680087025,Neutrogena Sport Face Lotion SPF 70+
8680006797,Neutrogena Sport Active Defense Sunscreen
7050111342,Neutrogena Hydro Boost Water Gel Lotion SPF 50
86000078186,Black Girl Sunscreen Glow SPF 50
86012100040,Black Girl Sunscreen Moisturize SPF 50
86000078182,Black Girl Sunscreen Hybrid SPF 50
8680087273,Neutrogena Beach Defense Spray SPF 30
8680011254,Neutrogena Beach Defense Spray SPF 50
8680011253,Neutrogena Beach Defense Water + Sun Sunscreen Lotion Body
8680087275,Neutrogena Ultra Sheer SPF 50 Stick
8680087274,Neutrogena Beach Defense Spray SPF 70
8680007852,Neutrogena Beach Defense SPF 70 Lotion
8680087272,Neutrogena Beach Defense Lotion SPF 70
7214003520,Coppertone Complete Spray SPF 50
7214003205,Coppertone Complete Lotion SPF 50
7214003925,Coppertone Sport Sunscreen Spray
7214003912,Coppertone Sport C-Spray SPF 50
7214002747,Coppertone Sport Sunscreen SPF 50
7214002748,Coppertone Sport Sunscreen SPF 70
7214003825,Coppertone Kids Spray SPF 50
7214003926,Coppertone Sunscreen Spray Twin Pack
7214003927,Coppertone Sport 4-in-1 Spray SPF 30
7214002761,Coppertone Sport 4-in-1 Lotion SPF 30
7214003826,Coppertone Sport Face Sunscreen
7214002765,Coppertone Sport Spray SPF 70
7214002770,Coppertone Sport Spray SPF 100
8680006407,Neutrogena Purescreen+ Mineral Invisible Daily
8680011153,Neutrogena Daily Defense Serum SPF 60
8680006649,Neutrogena Invisible Daily Spray
8680011151,Neutrogena Invisible Daily SPF 60
8680010383,Neutrogena Invisible Daily Defense Sunscreen
8680010357,Neutrogena Sun Rescue After Sun Rehydrating Mist
87176000047,Sun Bum Cool Down Lotion
7548608754,Hawaiian Tropic Lime Coolada After Sun
7548609166,Hawaiian Tropic After Sun Body Butter
7965600008,Banana Boat Aloe After Sun Lotion
7965600114,Banana Boat Pure Aloe Vera Gel
7548608989,Hawaiian Tropic Sport C-Spray SPF 30
7548609114,Hawaiian Tropic Sport Spray SPF 50
7548608747,Hawaiian Tropic Sheer Touch Lotion SPF 30
7548608760,Hawaiian Tropic Sheer Touch SPF 50 Fluid
7548613763,Hawaiian Tropic Hydration Weightless Moisturizer
7548609192,Hawaiian Tropic Silk Hydration Weightless
7965614431,Banana Boat Sheer Sensitive SPF 50 Spray
7965614432,Banana Boat Sheer Sensitive SPF 50 Lotion
7965614433,Banana Boat Sheer Sensitive Lotion SPF 50
7965602580,Banana Boat Kids Sport Continuous Spray SPF 50
7965602560,Banana Boat Kids Sport SPF 50 Twin Pack
7965601806,Banana Boat Kids Sport Ultra Mist SPF 50
7965614030,Banana Boat Kids SPF 50 Advanced Control Mist
7965605082,Banana Boat Kids Spray SPF 100
7965604662,Banana Boat Aloe Lip Balm SPF 45
7965603223,Banana Boat Sport Clear Spray SPF 50
7965603179,Banana Boat Ultra Mist Sport SPF 50
7965601332,Banana Boat Sport SPF 50 Spray Twin Pack
7965614293,Banana Boat Sport SPF 50 Sunscreen
7965614029,Banana Boat Sport SPF 50 Advanced Control Mist
7965604972,Banana Boat Sport Sun SPF 50
7965603178,Banana Boat Sport Ultra Mist SPF 30
7965603165,Banana Boat Sport SPF 30 Spray Twin Pack
7965604971,Banana Boat Sport Lotion SPF 30
7965613089,Banana Boat Sport Ultra SPF 60 Rub-On Lotion
7965605080,Banana Boat Sport Spray SPF 100
7965604968,Banana Boat Sport Sunscreen SPF 100
36519750210,Solarcaine After Sun Relief Spray
72474200382,Alba Kids Tropical Fruit Spray SPF 50
72474201023,Alba Botanica Wild Wave Sunscreen Spray
72474200390,Alba Sport Island Lotion SPF 50
72474200389,Alba Fragrance Free Sheer Mineral Lotion SPF 30
72474200404,Alba Fragrance Free Sheer Mineral Spray SPF 30
72474200381,Alba Very Emollient Fragrance Free SPF 50
81000937008,Thinksport All Sheer Mineral Sunscreen Spray
81000937215,Thinksport Clear Zinc Face Sunscreen
81000937804,Thinksport Clear Zinc SPF 50
81000937795,Thinksport Kids Clear Zinc
81000937007,Thinksport All Sheer Mineral Sunscreen Spray
72474201239,Alba Botanica Hawaiian Coconut Sunscreen
72474201078,Alba Hawaiian Sunscreen Spray SPF 50
72474200827,Alba Hawaiian Vibe Lotion SPF 50
72474200439,Alba Fragrance Free Sun Spray
72474200400,Alba Very Emollient Sport SPF 45
72474201052,Alba SPF 50 Sheer Mineral Face Lotion
85987100489,Thinksport Kids Sunscreen SPF 50
85987100490,Thinkbaby Body & Face Sunscreen SPF 50
89039700268,Thinkbaby Safe Sunscreen SPF 50
81000937175,Thinkbaby Clear Zinc SPF 30 Sunscreen
81327701980,Babyganics Mineral Sunscreen SPF 50
81003592138,Babyganics Sheer Sunscreen Lotion SPF 50
81011561524,Hello Bello Kids Sunscreen Spray SPF 50
81011561523,Hello Bello Kids SPF 50 Lotion
81011561522,Hello Bello Baby Mineral Sunscreen
8680011082,Neutrogena Baby Suncare SPF 50
7214002739,Coppertone WaterBabies Lotion SPF 50
30316208005,Blue Lizard Sport Sunscreen SPF 50+
30316208105,Blue Lizard Kids Sunscreen SPF 50+
30316208305,Blue Lizard SPF 50+ Sunscreen
30316204630,Blue Lizard Sensitive SPF 50+ Lotion
30316201305,Blue Lizard Sensitive SPF 50+ Stick
507000316193,PoolBar Sunscreen Coconut Vanilla
507000316198,PoolBar I Scream For Sunscreen Spray SPF 50
507000316197,PoolBar I Scream For Sunscreen Spray SPF 30
507000316192,PoolBar Mineral Hydrating Body Cream
507000316190,PoolBar Sunscreen Coconut Vanilla SPF 50
507000316191,PoolBar Sunscreen Coconut Vanilla SPF 30
5440233079,Australian Gold Bronze Spray
5440233091,Australian Gold Continuous Spray SPF 15
934710800286,b.tan Love At First Tan
934710800873,b.tan Tanned AF Self Tan Mousse
934710800100,b.tan I Want The Darkest Tan Possible Self Tan Mousse
7965604663,Banana Boat Dry Oil Deep Tanning Ultra Mist SPF 4
7965604450,Banana Boat Dry Oil SPF 8
7965604647,Banana Boat Dry Oil SPF 25
7965600780,Banana Boat Sunless Lotion Light/Medium
7965600781,Banana Boat Sunless Lotion Deep/Dark
934710800213,b.tan I Don't Want To Hear It Tan Mitt
7214003823,Coppertone Tanning Lotion SPF 15
934710800308,b.tan Tanned AF Tan Oil Spray
7548608743,Hawaiian Tropic Dark Tanning Oil
7548608872,Hawaiian Tropic Golden Tanning Dry Oil SPF 15
7548608855,Hawaiian Tropic Dark Tanning Oil Spray SPF 6
934710801686,b.tan Glow Your Own Way Tan Gel
934710803136,b.tan Glow Your Own Way Tan Gel Medium
934710804649,b.tan Glow Your Own Way Tan Gel Dark
934710805107,b.tan There You Glo Self Tan
81002017596,Bondi Sands Self Tan Foam Light/Medium
81002017595,Bondi Sands Self Tan Foam Dark
81002017599,Bondi Sands Self Tanning Foam
70906900006,Maui Babe Browning Lotion
506048979399,Tanologist Daily Glow Drops Light
506048979400,Tanologist Daily Glow Drops Medium
506048979383,Tanologist Daily Glow Drops Dark
506048979384,Tanologist Daily Glow Serum
506048979388,Tanologist Tinted Mousse Medium
81015096024,Dearcloud Tone Blur Sunscreen
81015096172,Dearcloud Body Glaze Essence Sunscreen
84015560316,Sun Bum Kids Sunscreen Spray SPF 50
84015560315,Sun Bum Kids Vegan Sunscreen SPF 50
84015560314,Sun Bum Kids Face Stick Sunscreen SPF 50
87176000279,Baby Bum SPF 50 Mineral Sunscreen Stick
87176000278,Baby Bum SPF 50 Mineral Sunscreen Lotion
81015096142,Dearcloud Hydra Gel Sun Patches
81015096026,Dearcloud Sunny Defense SPF Stick
81015096176,Dearcloud Tone Perfect SPF Cushion
81015096028,Dearcloud Luminous Aqua Sun Mist
87176000474,Sun Bum Mineral SPF 30
87176000196,Sun Bum SPF 30 Spray 6oz
87176000044,Sun Bum SPF 30 Lotion 6oz
87176000309,Sun Bum Original SPF 30 Sunscreen Stick
87176000753,Sun Bum SPF 30 Scalp & Hair Mist Spray
87176000197,Sun Bum SPF 50 Spray 6oz
87176000045,Sun Bum Original SPF 50 Lotion
87176000208,Sun Bum Original Spray SPF 70
87176000046,Sun Bum Original SPF 70 Sunscreen
84015560061,Sun Bum SPF 45 Face Mist
87176000297,Sun Bum Original Face SPF 50
87176000183,Sun Bum Tanning Oil SPF 15
